[{"ID": 427460, "response": {"427460": {"success": false}}}, {"ID": 32400, "response": {"32400": {"success": false}}}, {"ID": 205790, "response": {"205790": {"success": false}}}, {"ID": 1083500, "response": {"1083500": {"success": false}}}, {"ID": 202090, "response": {"202090": {"success": false}}}, {"ID": 203250, "response": {"203250": {"success": false}}}, {"ID": 233250, "response": {"233250": {"success": false}}}, {"ID": 45740, "response": {"45740": {"success": false}}}, {"ID": 367540, "response": {"367540": {"success": false}}}, {"ID": 234530, "response": {"234530": {"success": false}}}, {"ID": 227700, "response": {"227700": {"success": false}}}, {"ID": 232150, "response": {"232150": {"success": false}}}, {"ID": 47780, "response": {"47780": {"success": false}}}, {"ID": 228880, "response": {"228880": {"success": false}}}, {"ID": 397080, "response": {"397080": {"success": false}}}, {"ID": 858460, "response": {"858460": {"success": false}}}, {"ID": 445900, "response": {"445900": {"success": false}}}, {"ID": 774941, "response": {"774941": {"success": false}}}, {"ID": 410700, "response": {"410700": {"success": false}}}, {"ID": 623990, "response": {"623990": {"success": false}}}, {"ID": 239140, "response": {"239140": {"success": false}}}, {"ID": 455130, "response": {"455130": {"success": false}}}, {"ID": 460870, "response": {"460870": {"success": false}}}, {"ID": 205890, "response": {"205890": {"success": false}}}, {"ID": 453170, "response": {"453170": {"success": false}}}, {"ID": 369200, "response": {"369200": {"success": false}}}, {"ID": 737010, "response": {"737010": {"success": false}}}, {"ID": 931180, "response": {"931180": {"success": false}}}, {"ID": 654310, "response": {"654310": {"success": false}}}, {"ID": 737230, "response": {"737230": {"success": false}}}, {"ID": 559460, "response": {"559460": {"success": false}}}, {"ID": 878760, "response": {"878760": {"success": false}}}, {"ID": 272350, "response": {"272350": {"success": false}}}, {"ID": 33910, "response": {"33910": {"success": false}}}, {"ID": 219540, "response": {"219540": {"success": false}}}, {"ID": 912290, "response": {"912290": {"success": false}}}, {"ID": 700580, "response": {"700580": {"success": false}}}, {"ID": 36620, "response": {"36620": {"success": false}}}, {"ID": 45500, "response": {"45500": {"success": false}}}, {"ID": 28050, "response": {"28050": {"success": false}}}, {"ID": 201280, "response": {"201280": {"success": false}}}, {"ID": 42690, "response": {"42690": {"success": false}}}, {"ID": 41010, "response": {"41010": {"success": false}}}, {"ID": 205930, "response": {"205930": {"success": false}}}, {"ID": 240160, "response": {"240160": {"success": false}}}, {"ID": 240180, "response": {"240180": {"success": false}}}, {"ID": 259360, "response": {"259360": {"success": false}}}, {"ID": 368790, "response": {"368790": {"success": false}}}, {"ID": 34270, "response": {"34270": {"success": false}}}, {"ID": 39160, "response": {"39160": {"success": false}}}, {"ID": 44320, "response": {"44320": {"success": false}}}, {"ID": 321040, "response": {"321040": {"success": false}}}, {"ID": 91310, "response": {"91310": {"success": false}}}, {"ID": 217490, "response": {"217490": {"success": false}}}, {"ID": 217060, "response": {"217060": {"success": false}}}, {"ID": 239220, "response": {"239220": {"success": false}}}, {"ID": 1638720, "response": {"1638720": {"success": false}}}, {"ID": 1449560, "response": {"1449560": {"success": false}}}]